player,full_name,cricinfo_id,batter_type,bowler_general_category,bowler_type,batting_source,bowling_source
A Bohara,Abinash Bohara,1058508,Right-hand bat,Pace,Right arm medium,cricinfo,cricinfo
A Gharti,Arjun Gharti,1296158,Right-hand bat,,,cricinfo,
A Ghiraiya,Ashutosh Ghiraiya,1147978,Right-hand bat,Spin,Right arm offbreak,cricinfo,cricinfo
A Kharel,Anil Kharel,1162964,Left-hand bat,Spin,Left arm orthodox,cricinfo,cricinfo
A Mahata,Aaditya Mahata,1296161,Left-hand bat,Spin,Left arm orthodox,cricinfo,cricinfo
A Saud,Arjun Saud,1248188,Right-hand bat,,,cricinfo,
A Shrestha,Amit Shrestha,633520,Right-hand bat,,,cricinfo,
A Tripathi,Aakash Tripathi,1290593,Right-hand bat,Spin,Right arm offbreak,cricinfo,cricinfo
A Yadav,Arniko Yadav,1333378,Left-hand bat,Spin,Left arm orthodox,cricinfo,cricinfo
AGS Gous,Andries Gustav Stephanus Gous,485379,Right-hand bat,,,cricinfo,
AK Sah,Anil Kumar Sah,1058510,Right-hand bat,Spin,Right arm offbreak,cricinfo,cricinfo
AM Rossington,Adam Matthew Rossington,457280,Right-hand bat,,,cricinfo,
AR Ramjani,Alpesh Ravilal Ramjani,1178061,Left-hand bat,Spin,Left arm orthodox,cricinfo,cricinfo
AS Routela,Amar Singh Routela,1058497,Right-hand bat,Pace,Right arm medium,cricinfo,cricinfo
Aakarshit Gomel,Aakarshit Praveenchand Gomel,474782,Right-hand bat,Spin,Left arm orthodox,cricinfo,cricinfo
Aakash Chand,Aakash Chand,1185557,Right-hand bat,Pace,Right arm medium,cricinfo,cricinfo
Aarif Sheikh,Aarif Sheikh,701217,Right-hand bat,Pace,Right arm medium,cricinfo,cricinfo
Aasif Sheikh,Aasif Sheikh,1058514,Right-hand bat,,,cricinfo,
Abhisekh Tiwari,Abhisekh Tiwari,1346505,Right-hand bat,Pace,Right arm medium fast,cricinfo,cricinfo
Abhishesh Gautam,Abhishesh Gautam,1463601,Right-hand bat,Spin,Left arm orthodox,manual,v1
Aqib Ilyas,Aqib Ilyas Sulehri,940593,Right-hand bat,Spin,Right arm offbreak,cricinfo,cricinfo
Arjun Kumal,Arjun Kumal,1247759,Right-hand bat,Spin,Right arm legbreak,cricinfo,cricinfo
B Aagri,Bikash Aagri,1147805,Right-hand bat,Pace,Right arm medium fast,manual,v1
B Acharya,Bipin Acharya,1248077,Left-hand bat,Spin,Right arm offbreak,cricinfo,cricinfo
B Bhandari,Binod Bhandari,437005,Right-hand bat,,,cricinfo,
B Karki,Bhuvan Karki,446812,Left-hand bat,Spin,Left arm orthodox,cricinfo,cricinfo
B Khatri,Basant Khatri,1098930,Right-hand bat,Pace,Right arm medium,cricinfo,cricinfo
B Rawal,Bipin Rawal,1090626,Left-hand bat,,,cricinfo,
B Sharki,Bhim Sharki,1072487,Right-hand bat,Spin,Right arm offbreak,cricinfo,cricinfo
B Yadav,Bibek Kumar Yadav,1185233,Right-hand bat,Pace,Right arm medium,cricinfo,cricinfo
BCJ Cutting,Benjamin Colin James Cutting,230371,Right-hand bat,Pace,Right arm fast medium,cricinfo,cricinfo
BFW de Leede,Bas de Leede,1036191,Right-hand bat,Pace,Right arm fast medium,cricinfo,cricinfo
BG Charlesworth,Ben Geoffrey Charlesworth,998369,Left-hand bat,Pace,Right arm medium fast,cricinfo,cricinfo
BJ McMullen,Brandon McMullen,949473,Right-hand bat,Pace,Right arm medium,cricinfo,cricinfo
BKEL Milantha,Bamunugama Koralalage Eshan Lahiru Milantha,699483,Left-hand bat,,,cricinfo,
BP Sharma,Bipin Prasad Sharma,1416532,Right-hand bat,Spin,Left arm orthodox,cricinfo,cricinfo
BWM Mike,Benjamin Wentworth Munro Mike,1093092,Right-hand bat,Pace,Right arm medium fast,cricinfo,cricinfo
Babar Hayat,Babar Hayat,539304,Right-hand bat,Pace,Right arm medium,cricinfo,cricinfo
Basil Hameed,Basil Hameed,1209110,Right-hand bat,Spin,Right arm offbreak,cricinfo,cricinfo
Basir Ahamad,Basir Ahamad,1290587,Left-hand bat,Spin,Left arm orthodox,cricinfo,cricinfo
Bipin Khatri,Bipin Khatri,1099879,Right-hand bat,Spin,Left arm orthodox,cricinfo,cricinfo
CA Lynn,Christopher Austin Lynn,326637,Right-hand bat,Spin,Left arm orthodox,cricinfo,cricinfo
CAK Walton,Chadwick Antonio Kirkpatrick Walton,315586,Right-hand bat,,,cricinfo,
CB Sole,Christopher Barclay Sole,671823,Right-hand bat,Pace,Right arm fast medium,cricinfo,cricinfo
D Adhikari,Dinesh Adhikari,1147792,Right-hand bat,Pace,Right arm medium fast,cricinfo,cricinfo
D Bohara,Dipak Bohara,1212656,Right-hand bat,,,cricinfo,
D Gupta,Durgesh Gupta,1290598,Right-hand bat,Pace,Left arm medium fast,cricinfo,cricinfo
D Kandel,Dipesh Prasad Kandel,1129974,Left-hand bat,Spin,Left arm orthodox,cricinfo,cricinfo
D Khanal,Dev Khanal,1248357,Right-hand bat,Spin,Right arm offbreak,cricinfo,cricinfo
D Kharel,Dinesh Kharel,1332712,Left-hand bat,Spin,Left arm orthodox,cricinfo,cricinfo
D Lakshan,Pothotuwa Arachchige Dhananjaya Lakshan,792519,Left-hand bat,Pace,Right arm medium fast,cricinfo,cricinfo
D Nath,Dilip Nath,1058516,Left-hand bat,,,cricinfo,
D Parashar,Dhruv Parashar,1294144,Right-hand bat,Spin,Right arm offbreak,cricinfo,cricinfo
D Rawat,Dipendra Rawat,1174292,Right-hand bat,Spin,Left arm wrist spin,manual,manual
DA Douthwaite,Daniel Alexander Douthwaite,885181,Right-hand bat,Pace,Right arm medium fast,cricinfo,cricinfo
DJ Malan,Dawid Johannes Malan,236489,Left-hand bat,Spin,Right arm legbreak,cricinfo,cricinfo
DJM Short,D'Arcy John Matthew Short,308798,Left-hand bat,Spin,Left arm wrist spin,cricinfo,cricinfo
DS Airee,Dipendra Singh Airee,794707,Right-hand bat,Pace,Right arm medium,cricinfo,cricinfo
DS Bajwa,Dilpreet Singh Bajwa,1229251,Right-hand bat,Spin,Right arm offbreak,cricinfo,cricinfo
Deepak Bohara,Deepak Bohara,1346126,Right-hand bat,Spin,Right arm offbreak,cricinfo,cricinfo
Deepak Dumre,Deepak Dumre,1247754,Right-hand bat,,,cricinfo,
F du Plessis,Francois du Plessis,44828,Right-hand bat,Spin,Right arm legbreak,cricinfo,cricinfo
GLS Scrimshaw,George Louis Sheridan Scrimshaw,857979,Right-hand bat,Pace,Right arm medium fast,cricinfo,cricinfo
GSNFG Jayasuriya,Gampalage Shehan Naveendra De Fonseka Gunawarna Jayasuriya,422965,Left-hand bat,Spin,Right arm offbreak,cricinfo,cricinfo
Gautam KC,Gautam KC,1185359,Right-hand bat,Pace,Right arm medium,cricinfo,cricinfo
Gulbadin Naib,Gulbadin Naib,352048,Right-hand bat,Pace,Right arm medium fast,cricinfo,cricinfo
Gulsan Jha,Gulshan Kumar Jha,1253822,Left-hand bat,Pace,Right arm medium,cricinfo,cricinfo
H Dhami,Hemant Dhami,1248189,Right-hand bat,Pace,Right arm medium fast,cricinfo,cricinfo
H Mahara,Hikmat Mahara,1471158,Right-hand bat,Pace,Right arm medium fast,cricinfo,cricinfo
H Thaker,Harsh Thaker,914503,Right-hand bat,Spin,Right arm offbreak,cricinfo,cricinfo
HG Munsey,Henry George Munsey,671805,Left-hand bat,Pace,Right arm medium fast,cricinfo,cricinfo
Harmeet Singh,Harmeet Singh Baddhan,422847,Left-hand bat,Spin,Left arm orthodox,cricinfo,cricinfo
Hassan Eisakhil,Hassan Eisakhil,1325632,Right-hand bat,,,cricinfo,
I Pandey,Ishan Pandey,960363,Left-hand bat,Spin,Right arm offbreak,cricinfo,v1
Imran Sheikh,Imran Sheikh,1343029,Right-hand bat,Spin,Right arm offbreak,cricinfo,cricinfo
Ismat Alam,Ismat Alam,1094444,Right-hand bat,Pace,Right arm fast medium,cricinfo,cricinfo
J Brown,Joshua Shane Casson Brown,1223047,Right-hand bat,Pace,Right arm medium,cricinfo,cricinfo
J Tromp,Joshua Tromp,1441622,Right-hand bat,Pace,Right arm medium,cricinfo,cricinfo
JA Kolsawala,Jaykishan Anilbhai Kolsawala,469069,Left-hand bat,,,cricinfo,
JA Simpson,John Andrew Simpson,21440,Left-hand bat,,,cricinfo,
JDS Neesham,James Douglas Sheahan Neesham,355269,Left-hand bat,Pace,Right arm medium fast,cricinfo,cricinfo
JJ Roy,Jason Jonathan Roy,298438,Right-hand bat,Pace,Right arm medium,cricinfo,wikipedia
JJ Smit,Johannes Jonathan Smit,553821,Right-hand bat,Pace,Left arm medium fast,cricinfo,cricinfo
JK Mukhiya,Jitendra Kumar Mukhiya,680279,Right-hand bat,Pace,Right arm medium fast,cricinfo,cricinfo
JN Loftie-Eaton,Jan Nicol Loftie-Eaton,1071473,Left-hand bat,Pace,Right arm medium,cricinfo,cricinfo
K Bhurtel,Kushal Bhurtel,794713,Right-hand bat,Spin,Right arm legbreak googly,cricinfo,cricinfo
K Mahato,Kishor Mahato,1090591,Right-hand bat,Pace,Right arm medium fast,cricinfo,cricinfo
K Thagunna,Kiran Thagunna,1098931,Right-hand bat,Pace,Right arm fast,cricinfo,cricinfo
KS Airee,Kamal Singh Airee,1072482,Right-hand bat,Pace,Right arm medium,cricinfo,cricinfo
Karan KC,Karan Khatri Chhetri,800675,Right-hand bat,Pace,Right arm fast,cricinfo,cricinfo
Krishna Poudel,Krishna Poudel,1296287,Right-hand bat,Pace,Right arm medium,cricinfo,cricinfo
Kushal Malla,Kushal Malla,1141934,Left-hand bat,Spin,Left arm orthodox,cricinfo,cricinfo
LM Benkenstein,Luc Martin Benkenstein,1262575,Right-hand bat,Spin,Right arm legbreak,cricinfo,cricinfo
LN Rajbanshi,Lalit Narayan Rajbanshi,913853,Right-hand bat,Spin,Left arm orthodox,cricinfo,cricinfo
Lokesh Bam,Lokesh Bam,1090625,Right-hand bat,Spin,Right arm offbreak,cricinfo,v1
M Levitt,Michael Levitt,1071504,Right-hand bat,Pace,Right arm medium,cricinfo,cricinfo
M Subasingha,Movin Hansaja Subasingha,1210287,Right-hand bat,Spin,Right arm offbreak,cricinfo,cricinfo
M de Lange,Marchant de Lange,393279,Right-hand bat,Pace,Right arm fast,cricinfo,cricinfo
MA Leask,Michael Alexander Leask,414966,Right-hand bat,Spin,Right arm offbreak,cricinfo,cricinfo
MD Taylor,Matthew David Taylor,511247,Right-hand bat,Pace,Left arm fast medium,cricinfo,cricinfo
MG Erasmus,Merwe Gerhard Erasmus,519070,Right-hand bat,Spin,Right arm offbreak,cricinfo,cricinfo
MJ Guptill,Martin James Guptill,226492,Right-hand bat,Spin,Right arm offbreak,cricinfo,cricinfo
MJJ Critchley,Matthew James J Critchley,776695,Right-hand bat,Spin,Right arm legbreak,cricinfo,cricinfo
MMMS Cooray,Manna Marakkalage Malindu Sangeeth Cooray,858925,Left-hand bat,Spin,Right arm offbreak,cricinfo,cricinfo
MP O'Dowd,Maxwell Patrick O'Dowd,643197,Right-hand bat,Spin,Right arm offbreak,cricinfo,cricinfo
MRJ Watt,Mark Robert James Watt,659081,Left-hand bat,Spin,Left arm orthodox,cricinfo,cricinfo
Maaz Sadaqat,Maaz Sadaqat,1244154,Left-hand bat,Spin,Left arm orthodox,cricinfo,cricinfo
Mayan Yadav,Mayan Yadav,1346506,Right-hand bat,Spin,Right arm offbreak,cricinfo,cricinfo
Milan Bohara,Milan Bohara,1185553,Right-hand bat,Spin,Left arm orthodox,cricinfo,cricinfo
Milind Kumar,Milind Kumar,451947,Right-hand bat,Spin,Right arm offbreak,cricinfo,cricinfo
Mohammad Aadil Alam,Mohammad Aadil Alam,1212481,Right-hand bat,Pace,Right arm medium,cricinfo,cricinfo
Mohammad Mohsin,Mohammad Mohsin,935881,Left-hand bat,Spin,Right arm legbreak googly,cricinfo,cricinfo
Mukhtar Ahmed,Mukhtar Ahmed,556916,Right-hand bat,Spin,Right arm legbreak googly,cricinfo,cricinfo
N Bhatta,Naren Bhatta,1290622,Right-hand bat,Spin,Right arm offbreak,manual,manual
N Dickwella,Dickwella Patabendige Dilantha Niroshan Dickwella,429754,Left-hand bat,,,cricinfo,
N Joshi,Narayan Joshi,1090621,Right-hand bat,Pace,Right arm medium,cricinfo,cricinfo
N Saud,Naren Saud,1185551,Left-hand bat,Spin,Left arm orthodox,cricinfo,cricinfo
NA Sowter,Nathan Adam Sowter,747315,Right-hand bat,Spin,Right arm legbreak,cricinfo,cricinfo
NB Budayair,Naresh Bahadur Budayair,437757,Right-hand bat,,,cricinfo,
NK Yadav,Nandan Kumar Yadav,1058498,Right-hand bat,Pace,Right arm medium,cricinfo,cricinfo
NR Kirton,Nicholas Rasheed Kirton,820685,Left-hand bat,Spin,Right arm offbreak,cricinfo,v1
Najibullah Zadran,Najibullah Zadran,524049,Left-hand bat,Spin,Right arm offbreak,cricinfo,cricinfo
Nar Sarki,Nar Bahadur Sarki,1333341,Right-hand bat,Pace,Right arm medium fast,cricinfo,cricinfo
P Mehra,Puneet Mehra,446500,Left-hand bat,Spin,Left arm orthodox,cricinfo,cricinfo
P Sarraf,Pawan Sarraf,1072485,Right-hand bat,Spin,Right arm offbreak,cricinfo,cricinfo
P Shrestha,Pratik Shrestha,1290583,Right-hand bat,Spin,Right arm offbreak,cricinfo,cricinfo
Pappu Yadav,Pappu Yadav,1511457,Right-hand bat,Pace,Right arm medium,cricinfo,cricinfo
Pratis GC,Pratish Gharti Chhetri,1179855,Right-hand bat,Pace,Left arm medium,cricinfo,cricinfo
Priyank Panchal,Priyank Kirit Panchal,340062,Right-hand bat,Pace,Right arm medium,cricinfo,cricinfo
R Dhakal,Rijan Dhakal,1111123,Right-hand bat,Pace,Left arm medium,cricinfo,cricinfo
R Dhawan,Rishi Dhawan,290727,Right-hand bat,Pace,Right arm medium fast,cricinfo,cricinfo
R Kumar,Ranjit Kumar,1346491,Left-hand bat,Spin,Left arm orthodox,cricinfo,cricinfo
R Rijal,Raju Rijal,701213,Right-hand bat,Spin,Right arm offbreak,cricinfo,wikipedia
R Trumpelmann,Ruben Trumpelmann,698317,Right-hand bat,Pace,Left arm fast,cricinfo,cricinfo
R Vasconcelos,Ricardo Surrador Vasconcelos,696241,Left-hand bat,,,cricinfo,
RA Reifer,Raymon Anton Reifer,450101,Left-hand bat,Pace,Left arm medium fast,cricinfo,cricinfo
RK Paudel,Rohit Kumar Paudel,1072488,Right-hand bat,Spin,Right arm offbreak,cricinfo,cricinfo
RP Magar,Rajesh Pulami Magar,524094,Right-hand bat,Spin,Right arm legbreak googly,cricinfo,cricinfo
RR Simmonds,Ramon Romario Simmonds,1209197,Left-hand bat,Pace,Left arm fast medium,cricinfo,cricinfo
RS Bopara,Ravinder Singh Bopara,10582,Right-hand bat,Pace,Right arm medium,cricinfo,cricinfo
Rashid Khan,Rashid Khan,1161020,Right-hand bat,Pace,Right arm medium fast,cricinfo,cricinfo
Rit Gautam,Rit Gautam,1161019,Right-hand bat,,,cricinfo,
Rohan Mustafa,Rohan Mustafa,307808,Left-hand bat,Spin,Right arm offbreak,cricinfo,cricinfo
Rohit Chand,Rohit Chand,1457118,Right-hand bat,Pace,Right arm medium,manual,manual
Rupesh Singh,Rupesh SIngh,1296273,Right-hand bat,Pace,Right arm medium fast,cricinfo,cricinfo
S Aryal,Sudip Aryal,1290605,Right-hand bat,Pace,Right arm medium fast,cricinfo,cricinfo
S Dhakal,Sagar Dhakal,1147980,Right-hand bat,Spin,Left arm orthodox,cricinfo,cricinfo
S Dhawan,Shikhar Dhawan,28235,Left-hand bat,Spin,Right arm offbreak,cricinfo,cricinfo
S Jora,Sundeep Jora,1161022,Right-hand bat,Spin,Right arm offbreak,cricinfo,v1
S Kansakar,Shubh Kansakar,1332707,Right-hand bat,,,cricinfo,
S Karki,Santosh Karki,1290841,Right-hand bat,Spin,Right arm offbreak,cricinfo,cricinfo
S Lamichhane,Sandeep Lamichhane,960361,Right-hand bat,Spin,Right arm legbreak googly,cricinfo,cricinfo
S Maharjan,Sumit Maharjan,1090608,Right-hand bat,,,cricinfo,
S Malla,Sher Malla,1147801,Left-hand bat,Spin,Right arm offbreak,cricinfo,cricinfo
S Patel,Sahil Patel,1381566,Right-hand bat,,,cricinfo,
S Vesawkar,Sharad Vesawkar,25977,Right-hand bat,Spin,Right arm offbreak,cricinfo,cricinfo
SA Edwards,Scott Andrew Edwards,1127317,Right-hand bat,,,cricinfo,
SA Zaib,Saif Ali Zaib,663613,Left-hand bat,Spin,Left arm orthodox,cricinfo,cricinfo
SC Kuggeleijn,Scott Christopher Kuggeleijn,539548,Right-hand bat,Pace,Right arm fast medium,cricinfo,cricinfo
SD Heazlett,Samuel Daly Heazlett,826679,Left-hand bat,Spin,Left arm orthodox,cricinfo,cricinfo
SK Chettri,Sandeep Khatri Chettri,1296285,Right-hand bat,Pace,Right arm medium,cricinfo,cricinfo
SL Verma,Sumeet Verma,390724,Right-hand bat,Spin,Right arm offbreak,cricinfo,cricinfo
SM Dhakal,Shyam Mousom Dhakal,1279478,Right-hand bat,Spin,Right arm offbreak,cricinfo,cricinfo
SMLD Samarakoon,Samarakoon  Mudiyanselage Lahiru Dharshana Samarakoon,924551,Left-hand bat,Pace,Right arm fast medium,cricinfo,cricinfo
SP Jackson,Sheldon Philip Jackson,237696,Right-hand bat,Spin,Right arm offbreak,cricinfo,cricinfo
SP Krishnamurthi,Sanjay Prasad Krishnamurthi,1277627,Right-hand bat,Spin,Left arm orthodox,cricinfo,cricinfo
SS Eskinazi,Stephen Sean Eskinazi,631668,Right-hand bat,,,cricinfo,
Saad Bin Zafar,Saad Bin Zafar,359746,Left-hand bat,Spin,Left arm orthodox,cricinfo,cricinfo
Sachin Bhatt,Sachin Bhatt,1457327,Right-hand bat,Spin,Right arm legbreak,manual,cricinfo
Sameer Ali,Sameer Ali Musalman,1457250,Right-hand bat,Pace,Right arm medium,manual,manual
Santosh Yadav,Santosh Yadav,1409922,Left-hand bat,Spin,Left arm orthodox,cricinfo,cricinfo
Saugat Dhakal,Saugat Dhakal,1345838,Right-hand bat,Pace,Right arm medium,cricinfo,cricinfo
Shahab Alam,Shahab Alam,1090597,Right-hand bat,Spin,Left arm orthodox,cricinfo,cricinfo
Shankar Rana,Shankar Rana,794725,Right-hand bat,Pace,Right arm medium,cricinfo,manual
Shubham Ranjane,Shubham Subhash Ranjane,554701,Right-hand bat,Pace,Right arm medium,cricinfo,cricinfo
Sohail Tanvir,Sohail Tanvir,43265,Left-hand bat,Pace,Left arm medium fast,cricinfo,cricinfo
Sompal Kami,Sompal Kami,701215,Right-hand bat,Pace,Right arm fast medium,cricinfo,cricinfo
Subash Bhandari,Subash Bhandari,1290600,Right-hand bat,Spin,Right arm offbreak,cricinfo,cricinfo
Sunny Patel,Sunny Patel,290719,Right-hand bat,Spin,Right arm legbreak,cricinfo,cricinfo
Surya Tamang,Surya Tamang,1161018,Left-hand bat,Spin,Left arm orthodox,cricinfo,cricinfo
TB Thapa,Tul Bahadur Thapa,1296351,Right-hand bat,Spin,Left arm wrist spin,manual,cricinfo
TJ Draca,Thomas Jack Draca,1437343,Right-hand bat,Pace,Right arm medium,cricinfo,cricinfo
TJ Moores,Thomas James Moores,788101,Left-hand bat,,,cricinfo,
TR Bhandari,Tilak Raj Bhandari,1211767,Right-hand bat,Spin,Right arm legbreak,cricinfo,cricinfo
TR Das,Trit Raj Das,1161021,Right-hand bat,Pace,Right arm medium,cricinfo,cricinfo
UB Singh,Unish Bikram Singh,1185469,Right-hand bat,Spin,Right arm offbreak,cricinfo,cricinfo
UBS Thakuri,Unish Bikram Singh Thakuri,1423447,Right-hand bat,Pace,Right arm medium,manual,v1
UBT Chand,Unmukt Bharat Thakur Chand,446499,Right-hand bat,Spin,Right arm offbreak,cricinfo,cricinfo
WD Parnell,Wayne Dillon Parnell,265564,Left-hand bat,Pace,Left arm medium fast,cricinfo,cricinfo
WG Bosisto,William Giles Bosisto,530015,Right-hand bat,Spin,Right arm offbreak,cricinfo,cricinfo
Y Khatri,Yuvraj Khatri,1332891,Right-hand bat,Spin,Right arm legbreak,cricinfo,cricinfo
Z Malik,Zen Ul-Abideen Malik,910361,Right-hand bat,Spin,Right arm legbreak,cricinfo,cricinfo
Zeeshan Maqsood,Zeeshan Maqsood,585083,Left-hand bat,Spin,Left arm orthodox,cricinfo,cricinfo
